{
  "categories": {
    "photos": 10,
    "textual": 5
  },
  "results": {
    "clip": {
      "photos": {
        "flipSim": 0.9866330750265545,
        "std": 0.009529702617795403,
        "floor": 0.6337078099833041,
        "normalized": 0.9635074802636764,
        "n": 10
      },
      "textual": {
        "flipSim": 0.8647767524309046,
        "std": 0.06349376837696888,
        "floor": 0.6368452585182525,
        "normalized": 0.6276428967515164,
        "n": 5
      },
      "photoMinusTextualNormalized": 0.33586458351216
    },
    "siglip": {
      "photos": {
        "flipSim": 0.9898473269398759,
        "std": 0.005807141872506966,
        "floor": 0.5055166181389824,
        "normalized": 0.9794681208053667,
        "n": 10
      },
      "textual": {
        "flipSim": 0.8501241637844874,
        "std": 0.030102861072454946,
        "floor": 0.7338271639324223,
        "normalized": 0.4369228715079658,
        "n": 5
      },
      "photoMinusTextualNormalized": 0.5425452492974009
    },
    "dinov2": {
      "photos": {
        "flipSim": 0.9632117981301465,
        "std": 0.023646960036404673,
        "floor": 0.13194136101610437,
        "normalized": 0.9576201419838227,
        "n": 10
      },
      "textual": {
        "flipSim": 0.9948317707636107,
        "std": 0.003210049775099326,
        "floor": 0.7767085715298752,
        "normalized": 0.9768543321532794,
        "n": 5
      },
      "photoMinusTextualNormalized": -0.01923419016945671
    },
    "florence": {
      "photos": {
        "flipSim": 0.97882974420514,
        "std": 0.012025652506103691,
        "floor": 0.7456970347717965,
        "normalized": 0.9167518326974188,
        "n": 10
      },
      "textual": {
        "flipSim": 0.8850695387837586,
        "std": 0.039140585198920504,
        "floor": 0.8855405215934088,
        "normalized": -0.004114843228422987,
        "n": 5
      },
      "photoMinusTextualNormalized": 0.9208666759258418
    },
    "gemini": {
      "photos": {
        "flipSim": 0.9824180935607154,
        "std": 0.012596146848134421,
        "floor": 0.6602553334133465,
        "normalized": 0.9482496469600936,
        "n": 10
      },
      "textual": {
        "flipSim": 0.8712101263647286,
        "std": 0.08297617347999887,
        "floor": 0.741181278602511,
        "normalized": 0.502393517208215,
        "n": 5
      },
      "photoMinusTextualNormalized": 0.4458561297518786
    }
  }
}