{
  "angles": [
    0,
    90,
    180,
    270
  ],
  "corpus": 15,
  "results": {
    "clip": {
      "accuracy": 0.45,
      "chance": 0.25,
      "n": 60
    },
    "siglip": {
      "accuracy": 0.5666666666666667,
      "chance": 0.25,
      "n": 60
    },
    "dinov2": {
      "accuracy": 0.6166666666666667,
      "chance": 0.25,
      "n": 60
    },
    "florence": {
      "accuracy": 0.6333333333333333,
      "chance": 0.25,
      "n": 60
    }
  }
}