{
  "model": "gemini-embedding-2",
  "results": {
    "identity": {
      "top1Rate": 0.9333333333333333,
      "meanMargin": 0.12582789848183643
    },
    "rotate 90°": {
      "top1Rate": 1,
      "meanMargin": 0.11063407581739988
    },
    "rotate 180°": {
      "top1Rate": 0.9333333333333333,
      "meanMargin": 0.10631888658504257
    },
    "rotate 45°": {
      "top1Rate": 1,
      "meanMargin": 0.12778962267448027
    },
    "crop 10%": {
      "top1Rate": 0.8666666666666667,
      "meanMargin": 0.12335509699595852
    },
    "crop 20%": {
      "top1Rate": 0.8666666666666667,
      "meanMargin": 0.11308007082508302
    },
    "crop 35%": {
      "top1Rate": 0.8666666666666667,
      "meanMargin": 0.04775988009565614
    },
    "rot 90° + crop 10%": {
      "top1Rate": 0.9333333333333333,
      "meanMargin": 0.09190926310642444
    },
    "rot 90° + crop 20%": {
      "top1Rate": 0.9333333333333333,
      "meanMargin": 0.08195577925061115
    },
    "rot 90° + crop 35%": {
      "top1Rate": 0.6666666666666666,
      "meanMargin": 0.00987052028775236
    },
    "rot 45° + crop 20%": {
      "top1Rate": 0.8666666666666667,
      "meanMargin": 0.08384503381230589
    },
    "rot 180° + crop 20%": {
      "top1Rate": 0.9333333333333333,
      "meanMargin": 0.08125818338956645
    },
    "shuffle 4×4": {
      "top1Rate": 1,
      "meanMargin": 0.11228111292551031
    },
    "flip H": {
      "top1Rate": 0.9333333333333333,
      "meanMargin": 0.13137778979349768
    },
    "blur": {
      "top1Rate": 0.9333333333333333,
      "meanMargin": 0.13324476664985124
    }
  }
}