{
  "images": 15,
  "detail": 11,
  "models": {
    "clip": {
      "1": {
        "floorAll": 0.5772048925661541,
        "floorDetail": 0.5552278290700291,
        "floorPhoto": 0.6762001917267595,
        "rot": 0.8415722704697879,
        "crop": 0.7570328040773379,
        "flip": 0.9460143008280045
      },
      "2": {
        "floorAll": 0.7144746369545567,
        "floorDetail": 0.6933979519715421,
        "floorPhoto": 0.82194499530125,
        "rot": 0.9330987625711435,
        "crop": 0.8612217350884283,
        "flip": 0.9614182016488351
      },
      "3": {
        "floorAll": 0.7882438519618815,
        "floorDetail": 0.7682990196388236,
        "floorPhoto": 0.891475739155904,
        "rot": 0.9527430668974259,
        "crop": 0.8992637470613258,
        "flip": 0.9712737745428324
      }
    },
    "siglip": {
      "1": {
        "floorAll": 0.5178812913890424,
        "floorDetail": 0.5369792119997454,
        "floorPhoto": 0.5285414061599923,
        "rot": 0.8660715308491975,
        "crop": 0.7658365819818915,
        "flip": 0.9432729392214132
      },
      "2": {
        "floorAll": 0.6383883116294452,
        "floorDetail": 0.6474461167072793,
        "floorPhoto": 0.6684040216634938,
        "rot": 0.9294153327314801,
        "crop": 0.8028107176168681,
        "flip": 0.9439158349059199
      },
      "3": {
        "floorAll": 0.7134905180804684,
        "floorDetail": 0.7228599394779526,
        "floorPhoto": 0.7363020181146355,
        "rot": 0.9571115963815645,
        "crop": 0.8445005323335478,
        "flip": 0.9611023191071114
      }
    },
    "dinov2": {
      "1": {
        "floorAll": 0.14634694781551152,
        "floorDetail": 0.19920937529898525,
        "floorPhoto": 0.13290403713325372,
        "rot": 0.6916682267750442,
        "crop": 0.7269852580197554,
        "flip": 0.9737517890079679
      },
      "2": {
        "floorAll": 0.22498548805993634,
        "floorDetail": 0.26965349157858204,
        "floorPhoto": 0.2515434071025335,
        "rot": 0.7809045556850858,
        "crop": 0.7257028755461457,
        "flip": 0.9826600057170268
      },
      "3": {
        "floorAll": 0.3081070204369885,
        "floorDetail": 0.3542018150105934,
        "floorPhoto": 0.3167675293693956,
        "rot": 0.8314930611591898,
        "crop": 0.7514814165684077,
        "flip": 0.9873288166698153
      }
    }
  }
}
